first_seen,score,track,company,title,location,fit_reason,source,url,posted_at,status,id
2026-10-08T20:50:14+00:00,,data,perpay,Super Day - Data Science Internship,"Philadelphia, Pennsylvania, United States",,greenhouse,https://job-boards.greenhouse.io/perpay/jobs/5260960007,2026-10-08T18:09:09+00:00,new,greenhouse:5260960007
2026-10-08T20:50:14+00:00,,swe,solopulseco,Software Engineer Intern/Co-op - Spring 2027,"Peachtree Corners, GA",,lever,https://jobs.lever.co/solopulseco/1b36afea-e8eb-4cea-a6e9-0afc384d06ef,2026-10-08T15:49:18.607000+00:00,new,lever:1b36afea-e8eb-4cea-a6e9-0afc384d06ef
2026-10-08T20:50:14+00:00,,swe,replit,Software Engineering Intern – Winter 2027 (U.S. Based),"Foster City, CA",,ashby,https://jobs.ashbyhq.com/replit/7c3c9d29-cec2-4367-8564-eadaed165aea,2026-10-08T17:34:51.757000+00:00,new,ashby:7c3c9d29-cec2-4367-8564-eadaed165aea
2026-10-08T20:50:14+00:00,,ml,boschgroup,Business Digitalisation & AI Automation Intern,"Denham, England, gb",,smartrecruiters,https://jobs.smartrecruiters.com/boschgroup/744000154478885,2026-10-08T15:52:42.988000+00:00,new,smartrecruiters:744000154478885
2026-10-08T20:50:14+00:00,,swe,Sensata,Software Engineering Intern,"Newtownabbey, UK",,repo:SimplifyJobs/Summer2026-Internships,https://sensata.wd1.myworkdayjobs.com/en-US/Sensata-Careers/job/Newtownabbey-United-Kingdom/Software-Engineering-Placement-Student_IRC98573,2026-10-08T00:00:00+00:00,new,repo:SimplifyJobs/Summer2026-Internships:2dd43b4d-a243-4996-826b-d46251f0fc5e
2026-10-08T20:50:14+00:00,,swe,Leidos,Systems Integration and Software Engineer Intern,"Atlantic City, NJ",,repo:SimplifyJobs/Summer2026-Internships,https://leidos.wd5.myworkdayjobs.com/External/job/Atlantic-City-NJ/Systems--Integration-and-Software-Engineer-Intern_R-00194152,2026-10-08T00:00:00+00:00,new,repo:SimplifyJobs/Summer2026-Internships:92b36766-febe-474d-941e-0bf16bc2ecc0
2026-10-08T20:50:14+00:00,,swe,Badger Meter,Software Engineering Intern,"Escondido, CA",,repo:SimplifyJobs/Summer2026-Internships,https://badgermeter.wd5.myworkdayjobs.com/US_CareerSite/job/US----CA---Escondido-Facility/Software-Engineering-Intern_4645,2026-10-08T00:00:00+00:00,new,repo:SimplifyJobs/Summer2026-Internships:64ffe791-24fc-4b7a-b06b-90a8bc63b978
2026-10-08T20:50:14+00:00,,swe,Rialty.AI,Software Engineering Intern,United States,,repo:jobright-ai/2026-Software-Engineer-Internship,https://jobright.ai/jobs/info/6ac7d9fa51a1b3e4219eefb0?utm_campaign=1079&utm_source=git,,new,repo:jobright-ai/2026-Software-Engineer-Internship:https://jobright.ai/jobs/info/6ac7d9fa51a1b3e4219eefb0
2026-10-08T20:50:14+00:00,,swe,Northrop Grumman,2027 Software Engineer Intern – McClellan CA,"McClellan, CA, United States",,repo:jobright-ai/2026-Software-Engineer-Internship,https://jobright.ai/jobs/info/6ac7d92aa444ac5d36f86350?utm_campaign=1079&utm_source=git,,new,repo:jobright-ai/2026-Software-Engineer-Internship:https://jobright.ai/jobs/info/6ac7d92aa444ac5d36f86350
2026-10-08T20:50:14+00:00,,ml,GAOTek Inc.,AI & IoT  Engineering Intern,"Pickering, ON, Canada",,repo:jobright-ai/2026-Software-Engineer-Internship,https://jobright.ai/jobs/info/6ac7d8920e573df8adc74ab2?utm_campaign=1079&utm_source=git,,new,repo:jobright-ai/2026-Software-Engineer-Internship:https://jobright.ai/jobs/info/6ac7d8920e573df8adc74ab2
2026-10-08T20:50:14+00:00,,swe,Canyon Entertainment Group,Unity Developer Intern,"Greater Toronto Area, Ontario, Canada",,repo:jobright-ai/2026-Software-Engineer-Internship,https://jobright.ai/jobs/info/6ac7c3c2fe8f33a85d4fcfe5?utm_campaign=1079&utm_source=git,,new,repo:jobright-ai/2026-Software-Engineer-Internship:https://jobright.ai/jobs/info/6ac7c3c2fe8f33a85d4fcfe5
2026-10-08T20:50:14+00:00,,swe,Barrett Solutions,Software Engineer Intern,"Ann Arbor, MI, United States",,repo:jobright-ai/2026-Software-Engineer-Internship,https://jobright.ai/jobs/info/6ac7ce67fe8f33a85d4fd418?utm_campaign=1079&utm_source=git,,new,repo:jobright-ai/2026-Software-Engineer-Internship:https://jobright.ai/jobs/info/6ac7ce67fe8f33a85d4fd418
2026-10-08T20:50:14+00:00,,swe,Badger Meter,Software Engineering Intern,"Escondido, CA, United States",,repo:jobright-ai/2026-Software-Engineer-Internship,https://jobright.ai/jobs/info/6ac7bc0ffcdafb60c6a45626?utm_campaign=1079&utm_source=git,,new,repo:jobright-ai/2026-Software-Engineer-Internship:https://jobright.ai/jobs/info/6ac7bc0ffcdafb60c6a45626
2026-10-08T20:50:14+00:00,,swe,RTX,Software Engineer Intern,"Tucson, AZ, United States",,repo:jobright-ai/2026-Software-Engineer-Internship,https://jobright.ai/jobs/info/6ac4edadd9621c5b283a24de?utm_campaign=1079&utm_source=git,,new,repo:jobright-ai/2026-Software-Engineer-Internship:https://jobright.ai/jobs/info/6ac4edadd9621c5b283a24de
2026-10-08T20:50:14+00:00,,swe,SoloPulse,Software Engineer Intern/Co-op - Spring 2027,"Peachtree Corners, GA, United States",,repo:jobright-ai/2026-Software-Engineer-Internship,https://jobright.ai/jobs/info/6ac7c03dfe8f33a85d4fce98?utm_campaign=1079&utm_source=git,,new,repo:jobright-ai/2026-Software-Engineer-Internship:https://jobright.ai/jobs/info/6ac7c03dfe8f33a85d4fce98
2026-10-08T20:50:14+00:00,,swe,EQ Bank,"Intern - Software Engineer, Winter 2027","Toronto, ON, Canada",,repo:jobright-ai/2026-Software-Engineer-Internship,https://jobright.ai/jobs/info/6ac7b8f0fcdafb60c6a455ad?utm_campaign=1079&utm_source=git,,new,repo:jobright-ai/2026-Software-Engineer-Internship:https://jobright.ai/jobs/info/6ac7b8f0fcdafb60c6a455ad
2026-10-08T20:50:14+00:00,,swe,WebstaurantStore,Front-End Developer Intern - Marketing Sites (Remote),"Lititz, PA, United States",,repo:jobright-ai/2026-Software-Engineer-Internship,https://jobright.ai/jobs/info/6ac7a965a444ac5d36f8515c?utm_campaign=1079&utm_source=git,,new,repo:jobright-ai/2026-Software-Engineer-Internship:https://jobright.ai/jobs/info/6ac7a965a444ac5d36f8515c
2026-10-08T20:50:14+00:00,,product,IBM,Product Manager Intern 2027,"Lowell, Massachusetts, United States",,repo:jobright-ai/2026-Product-Management-Internship,https://jobright.ai/jobs/info/6ac7cb81fe8f33a85d4fd32d?utm_campaign=1047&utm_source=git,,new,repo:jobright-ai/2026-Product-Management-Internship:https://jobright.ai/jobs/info/6ac7cb81fe8f33a85d4fd32d
2026-10-08T20:50:14+00:00,,product,Rockwell Automation,"Intern, Product Management","Mequon, WI, United States",,repo:jobright-ai/2026-Product-Management-Internship,https://jobright.ai/jobs/info/6ac66f22372c01f6cd73d168?utm_campaign=1047&utm_source=git,,new,repo:jobright-ai/2026-Product-Management-Internship:https://jobright.ai/jobs/info/6ac66f22372c01f6cd73d168
2026-10-08T20:50:14+00:00,,data,Georgia-Pacific LLC,"Georgia-Pacific Data Science Internship - Atlanta, GA (Summer 2027)","Atlanta, GA, United States",,repo:jobright-ai/2026-Data-Analysis-Internship,https://jobright.ai/jobs/info/6ac7cf56fe8f33a85d4fd4a8?utm_campaign=1066&utm_source=git,,new,repo:jobright-ai/2026-Data-Analysis-Internship:https://jobright.ai/jobs/info/6ac7cf56fe8f33a85d4fd4a8
2026-10-08T20:50:14+00:00,,swe,Skanska,Heavy Civil Infrastructure Winter 26-27 Intern,"Queens, NY, United States",,repo:jobright-ai/2026-Engineer-Internship,https://jobright.ai/jobs/info/6ab1420c191d8c340dbd974b?utm_campaign=1048&utm_source=git,,new,repo:jobright-ai/2026-Engineer-Internship:https://jobright.ai/jobs/info/6ab1420c191d8c340dbd974b
